source,block,size,seed,variant,u_max,repeat,encoding,encoding_source,epsilon,agent,eval_interval,commit,tag,do_ga,er_buffer_size,er_min_samples,er_samples_number,verdict,trials,knowledge,reliable,spec,n_bits,peak_macro,peak_rss_gb,wall_s,trials_per_s
slurm_mpx20_s42_addr.out,1,20,42,pyalcs,6,0,flip,wrapper-default,0.8,,,,,true,,,,SUCCESS,120000,1.0,93,5.0,21,4264,0.0,7.8,15384.62
slurm_mpx20_s42_u10.out,1,20,42,pyalcs,10,0,flip,wrapper-default,0.8,,,,,true,,,,SUCCESS,120000,1.0,102,5.42,21,6049,0.0,9.6,12500.0
slurm_mpx20_s42_u5.out,1,20,42,pyalcs,5,0,flip,wrapper-default,0.8,,,,,true,,,,SUCCESS,160000,1.0,95,5.0,21,4735,0.0,17.4,9195.4
slurm_mpx20_s42_u6.out,1,20,42,pyalcs,6,0,flip,wrapper-default,0.8,,,,,true,,,,SUCCESS,80000,1.0,108,5.09,21,4264,0.0,6.9,11594.2
slurm_mpx20_s42_u7.out,1,20,42,pyalcs,7,0,flip,wrapper-default,0.8,,,,,true,,,,SUCCESS,130000,1.0,92,5.01,21,5586,0.0,10.1,12871.29
slurm_mpx20_s42_u8.out,1,20,42,pyalcs,8,0,flip,wrapper-default,0.8,,,,,true,,,,SUCCESS,150000,1.0,94,5.15,21,6659,0.0,10.6,14150.94
slurm_mpx20_s42_u9.out,1,20,42,pyalcs,9,0,flip,wrapper-default,0.8,,,,,true,,,,SUCCESS,110000,1.0,105,5.3,21,6511,0.0,8.9,12359.55
mpx_m2b_reach37.log,2,37,42,butz,8,0,flip,wrapper-default,0.8,,,,,true,,,,SUCCESS,1140000,1.0,144,6.0,38,6276,0.06,117.7,9685.64
mpx_m2b_reach37.log,2,37,43,butz,8,1,flip,wrapper-default,0.8,,,,,true,,,,SUCCESS,768000,1.0,152,6.0,38,7913,0.06,81.5,9423.31
mpx_m2b_reach37.log,2,37,44,butz,8,2,flip,wrapper-default,0.8,,,,,true,,,,SUCCESS,684000,1.0,161,6.01,38,7464,0.06,80.6,8486.35
mpx_m2b_reach37.log,1,37,42,pyalcs,7,0,flip,wrapper-default,0.8,,,,,true,,,,SUCCESS,678000,1.0,144,6.03,38,6893,0.03,71.6,9469.27
slurm_mpx37_s42_addr.out,1,37,42,pyalcs,7,0,flip,wrapper-default,0.8,,,,,true,,,,SUCCESS,780000,1.0,148,6.0,38,6893,0.0,128.5,6070.04
slurm_mpx37_s42_cover.out,1,37,42,pyalcs,7,0,flip,wrapper-default,0.8,acs2,,,,true,,,,SUCCESS,780000,1.0,148,6.0,38,6893,0.0,122.5,6367.35
slurm_mpx37_s42_er.out,1,37,42,pyalcs,7,0,flip,wrapper-default,0.8,acs2er,,,,true,10000,1000,3,SUCCESS,300000,1.0,219,6.01,38,60055,0.0,12174.6,24.64
slurm_mpx37_s42_er1.out,1,37,42,pyalcs,7,0,flip,wrapper-default,0.8,acs2er,,,,true,10000,1000,1,SUCCESS,960000,1.0,144,6.0,38,6124,0.0,278.9,3442.09
slurm_mpx37_s42_u10.out,1,37,42,pyalcs,10,0,flip,wrapper-default,0.8,,,,,true,,,,SUCCESS,810000,1.0,151,6.22,38,15251,0.0,354.3,2286.2
slurm_mpx37_s42_u11.out,1,37,42,pyalcs,11,0,flip,wrapper-default,0.8,acs2,,,,true,,,,SUCCESS,870000,1.0,148,6.24,38,17630,0.0,588.5,1478.33
slurm_mpx37_s42_u12.out,1,37,42,pyalcs,12,0,flip,wrapper-default,0.8,,,,,true,,,,SUCCESS,900000,1.0,164,6.85,38,16022,0.0,381.2,2360.97
slurm_mpx37_s42_u6.out,1,37,42,pyalcs,6,0,flip,wrapper-default,0.8,,,,,true,,,,SUCCESS,1020000,1.0,151,6.0,38,5875,0.0,207.8,4908.57
slurm_mpx37_s42_u7.out,1,37,42,pyalcs,7,0,flip,wrapper-default,0.8,,,,,true,,,,SUCCESS,690000,1.0,151,6.03,38,6893,0.0,142.9,4828.55
slurm_mpx37_s42_u8.out,1,37,42,pyalcs,8,0,flip,wrapper-default,0.8,,,,,true,,,,SUCCESS,900000,1.0,151,6.03,38,8636,0.0,250.0,3600.0
slurm_mpx37_s42_u9.out,1,37,42,pyalcs,9,0,flip,wrapper-default,0.8,,,,,true,,,,SUCCESS,900000,1.0,152,6.02,38,13393,0.0,418.6,2150.02
mpx_m2b_reach37.log,1,37,43,pyalcs,7,1,flip,wrapper-default,0.8,,,,,true,,,,SUCCESS,1116000,1.0,156,6.05,38,7401,0.05,99.9,11171.17
slurm_mpx37_s43_er1.out,1,37,43,pyalcs,7,0,flip,wrapper-default,0.8,acs2er,,,,true,10000,1000,1,SUCCESS,660000,1.0,160,6.05,38,6228,0.0,288.1,2290.87
mpx_m2b_reach37.log,1,37,44,pyalcs,7,2,flip,wrapper-default,0.8,,,,,true,,,,SUCCESS,882000,1.0,144,6.01,38,6141,0.05,78.1,11293.21
mpx_m2b_reach70.log,2,70,42,butz,9,0,flip,wrapper-default,0.8,,,,,true,,,,TIME-LIMITED,931500,0.2562,215,8.58,71,14773,0.11,600.0,1552.5
mpx_m3_e1_traj70_butz.log,1,70,42,butz,9,0,flip,wrapper-default,0.8,,,,,true,,,,TIME-LIMITED,5714000,0.4001,114,7.21,71,28314,0.19,7201.6,793.43
mpx_m2b_reach70.log,2,70,43,butz,9,1,flip,wrapper-default,0.8,,,,,true,,,,TIME-LIMITED,858500,0.2677,203,8.52,71,14247,0.11,600.3,1430.12
mpx_m2b_reach70.log,2,70,44,butz,9,2,flip,wrapper-default,0.8,,,,,true,,,,TIME-LIMITED,894000,0.2081,223,8.75,71,15958,0.12,600.2,1489.5
mpx_m2b_reach70.log,1,70,42,pyalcs,8,0,flip,wrapper-default,0.8,,,,,true,,,,TIME-LIMITED,1625500,0.2406,110,8.63,71,10741,0.13,600.1,2708.72
mpx_m3_e1_traj70_pyalcs.log,1,70,42,pyalcs,8,0,flip,wrapper-default,0.8,,,,,true,,,,SUCCESS,17880000,1.0,277,7.04,71,16326,0.12,6105.4,2928.56
slurm_mpx70_s42_addr.out,1,70,42,pyalcs,8,0,flip,wrapper-default,0.8,,,,,true,,,,SUCCESS,17880000,1.0,277,7.04,71,16326,0.0,8496.9,2104.3
slurm_mpx70_s42_cover.out,1,70,42,pyalcs,8,0,flip,wrapper-default,0.8,,,,,true,,,,SUCCESS,17880000,1.0,277,7.04,71,16326,0.0,8002.4,2234.33
slurm_mpx70_s42_er.out,1,70,42,pyalcs,8,0,flip,wrapper-default,0.8,acs2er,,,,true,10000,1000,3,SUCCESS,3960000,1.0,318,7.0,71,198695,0.0,576327.6,6.87
slurm_mpx70_s42_er1.out,1,70,42,pyalcs,8,0,flip,wrapper-default,0.8,acs2er,,,,true,10000,1000,1,SUCCESS,12120000,1.0,268,7.0,71,15547,0.0,15566.4,778.6
slurm_mpx70_s42_qdetail.out,1,70,42,pyalcs,8,0,flip,wrapper-default,0.8,acs2,,,,true,,,,SUCCESS,17880000,1.0,277,7.04,71,16326,0.0,10541.5,1696.15
mpx_m2b_reach70.log,1,70,43,pyalcs,8,1,flip,wrapper-default,0.8,,,,,true,,,,TIME-LIMITED,1555000,0.1349,75,9.2,71,6951,0.13,600.1,2591.23
slurm_mpx70_s43.out,1,70,43,pyalcs,8,0,flip,wrapper-default,0.8,,,,,true,,,,SUCCESS,17820000,1.0,269,7.0,71,16789,0.0,13692.1,1301.48
slurm_mpx70_s43_cover.out,1,70,43,pyalcs,8,0,flip,wrapper-default,0.8,acs2,,,,true,,,,SUCCESS,17820000,1.0,269,7.0,71,16789,0.0,13150.6,1355.07
slurm_mpx70_s43_er1.out,1,70,43,pyalcs,8,0,flip,wrapper-default,0.8,acs2er,,,,true,10000,1000,1,SUCCESS,22860000,1.0,270,7.0,71,14969,0.0,13726.3,1665.42
mpx_m2b_reach70.log,1,70,44,pyalcs,8,2,flip,wrapper-default,0.8,,,,,true,,,,TIME-LIMITED,1503000,0.1419,91,9.79,71,12548,0.14,600.1,2504.58
slurm_mpx70_s44.out,1,70,44,pyalcs,8,0,flip,wrapper-default,0.8,,,,,true,,,,SUCCESS,44580000,1.0,274,7.0,71,22538,0.0,28988.3,1537.86
slurm_mpx70_s45.out,1,70,45,pyalcs,8,0,flip,wrapper-default,0.8,,,,,true,,,,SUCCESS,21300000,1.0,271,7.0,71,17607,0.0,11529.2,1847.48
slurm_mpx70_s46.out,1,70,46,pyalcs,8,0,flip,wrapper-default,0.8,,,,,true,,,,SUCCESS,66420000,1.0,268,7.0,71,20363,0.0,46265.9,1435.61
slurm_mpx70_s42_outcome.out,1,70,42,pyalcs,8,0,outcome,filename,0.8,acs2,,,,true,,,,SUCCESS,4680000,1.0,276,7.01,71,12616,0.0,2155.6,2171.09
slurm_mpx70_s43_outcome.out,1,70,43,pyalcs,8,0,outcome,filename,0.8,acs2,,,,true,,,,SUCCESS,62340000,1.0,280,7.05,71,12490,0.0,13757.0,4531.51
slurm_mpx70_s44_outcome.out,1,70,44,pyalcs,8,0,outcome,filename,0.8,acs2,,,,true,,,,SUCCESS,10260000,1.0,276,7.0,71,12431,0.0,2852.8,3596.47
mpx_m2b_reach135.log,2,135,42,butz,10,0,flip,wrapper-default,0.8,,,,,true,,,,TIME-LIMITED,188000,0.0,0,0.0,136,18208,0.38,381.3,493.05
mpx_m2b_reach135.log,1,135,42,pyalcs,9,0,flip,wrapper-default,0.8,,,,,true,,,,TIME-LIMITED,324500,0.0,0,0.0,136,16805,0.26,360.1,901.14
slurm_mpx135_s42.out,1,135,42,pyalcs,9,0,flip,wrapper-default,0.8,,,,,true,,,,TIME-LIMITED,105621000,0.0,0,0.0,136,39283,0.0,250000.5,422.48
slurm_mpx135_s42_addr.out,1,135,42,pyalcs,9,0,flip,wrapper-default,0.8,,,,,true,,,,TIME-LIMITED,9509500,0.0,0,0.0,136,23741,0.0,21600.3,440.25
slurm_mpx135_s42_eps1_u11.out,1,135,42,pyalcs,11,0,flip,wrapper-default,1,acs2,,,,true,,,,TIME-LIMITED,301483000,0.7442,393,8.01,136,56680,0.0,600000.0,502.47
slurm_mpx135_s42_erfine_u11.out,1,135,42,pyalcs,11,0,flip,wrapper-default,0.8,acs2er,,,,true,10000,1000,3,TIME-LIMITED,1894500,0.0902,1753,13.14,136,280929,0.0,600061.2,3.16
slurm_mpx135_s42_erfine_u12.out,1,135,42,pyalcs,12,0,flip,wrapper-default,0.8,acs2er,,,,true,10000,1000,3,TIME-LIMITED,1235500,0.0738,2530,13.86,136,172803,0.0,600108.7,2.06
slurm_mpx135_s42_qdetail_u11.out,1,135,42,pyalcs,11,0,flip,wrapper-default,0.8,acs2,,,,true,,,,TIME-LIMITED,583842500,0.7499,395,8.0,136,44006,0.0,600000.3,973.07
slurm_mpx135_s42_qdetail_u12.out,1,135,42,pyalcs,12,0,flip,wrapper-default,0.8,acs2,,,,true,,,,TIME-LIMITED,366848000,0.5,259,8.05,136,77539,0.0,600000.1,611.41
slurm_mpx135_s42_u10.out,1,135,42,pyalcs,10,0,flip,wrapper-default,0.8,,,,,true,,,,TIME-LIMITED,7820000,0.0,0,0.0,136,25493,0.0,21600.7,362.03
slurm_mpx135_s42_u10long.out,1,135,42,pyalcs,10,0,flip,wrapper-default,0.8,acs2,,,,true,,,,TIME-LIMITED,294775500,0.2717,170,8.97,136,48579,0.0,600001.1,491.29
slurm_mpx135_s42_u11cover.out,1,135,42,pyalcs,11,0,flip,wrapper-default,0.8,,,,,true,,,,TIME-LIMITED,533668500,0.7499,388,8.0,136,44006,0.0,600000.1,889.45
slurm_mpx135_s42_u11long.out,1,135,42,pyalcs,11,0,flip,wrapper-default,0.8,,,,,true,,,,TIME-LIMITED,655383500,0.7499,396,8.0,136,44006,0.0,600078.1,1092.16
slurm_mpx135_s42_u12.out,1,135,42,pyalcs,12,0,flip,wrapper-default,0.8,,,,,true,,,,TIME-LIMITED,7042500,0.0129,226,13.33,136,26608,0.0,21602.5,326.0
slurm_mpx135_s42_u12long.out,1,135,42,pyalcs,12,0,flip,wrapper-default,0.8,,,,,true,,,,TIME-LIMITED,339107500,0.5,258,8.05,136,77539,0.0,600015.5,565.16
slurm_mpx135_s42_u13long.out,1,135,42,pyalcs,13,0,flip,wrapper-default,0.8,,,,,true,,,,TIME-LIMITED,158236000,0.4889,258,8.14,136,148377,0.0,600000.2,263.73
slurm_mpx135_s42_u14long.out,1,135,42,pyalcs,14,0,flip,wrapper-default,0.8,,,,,true,,,,TIME-LIMITED,25090000,0.1628,6861,15.2,136,323323,0.0,600034.6,41.81
slurm_mpx135_s42_u16.out,1,135,42,pyalcs,16,0,flip,wrapper-default,0.8,,,,,true,,,,TIME-LIMITED,3955000,0.0,0,0.0,136,24991,0.0,21602.1,183.08
slurm_mpx135_s42_u16long.out,1,135,42,pyalcs,16,0,flip,wrapper-default,0.8,,,,,true,,,,TIME-LIMITED,35512500,0.3242,8092,16.89,136,460540,0.0,600016.1,59.19
slurm_mpx135_s42_u24.out,1,135,42,pyalcs,24,0,flip,wrapper-default,0.8,,,,,true,,,,TIME-LIMITED,1594500,0.0,0,0.0,136,206843,0.0,21600.5,73.82
slurm_mpx135_s42_u8.out,1,135,42,pyalcs,8,0,flip,wrapper-default,0.8,,,,,true,,,,TIME-LIMITED,5537000,0.0,0,0.0,136,33785,0.0,21600.6,256.34
slurm_mpx135_s42_u9.out,1,135,42,pyalcs,9,0,flip,wrapper-default,0.8,,,,,true,,,,TIME-LIMITED,6080000,0.0,0,0.0,136,22335,0.0,21600.3,281.48
slurm_mpx135_s43_eps1_u11.out,1,135,43,pyalcs,11,0,flip,wrapper-default,1,acs2,,,,true,,,,SUCCESS,427920000,1.0,532,8.02,136,56663,0.0,548345.1,780.38
slurm_mpx135_s43_u11cover.out,1,135,43,pyalcs,11,0,flip,wrapper-default,0.8,acs2,,,,true,,,,TIME-LIMITED,281210000,0.498,257,8.05,136,48552,0.0,600008.0,468.68
slurm_mpx135_s43_u12long.out,1,135,43,pyalcs,12,0,flip,wrapper-default,0.8,,,,,true,,,,TIME-LIMITED,353092500,0.4985,261,8.05,136,77760,0.0,600053.2,588.44
slurm_mpx135_s44_u11cover.out,1,135,44,pyalcs,11,0,flip,wrapper-default,0.8,acs2,,,,true,,,,TIME-LIMITED,256199500,0.498,260,8.01,136,59597,0.0,600027.0,426.98
slurm_mpx135_s45_u11cover.out,1,135,45,pyalcs,11,0,flip,wrapper-default,0.8,acs2,,,,true,,,,TIME-LIMITED,233203500,0.4918,261,8.11,136,51873,0.0,600008.0,388.67
slurm_mpx135_s42_outcome_u11.out,1,135,42,pyalcs,11,0,outcome,filename,0.8,acs2,,,,true,,,,SUCCESS,43200000,1.0,539,8.0,136,81276,0.0,181821.5,237.6
slurm_mpx135_s43_outcome_u11.out,1,135,43,pyalcs,11,0,outcome,filename,0.8,acs2,,,,true,,,,SUCCESS,46800000,1.0,539,8.0,136,76511,0.0,283679.5,164.97
slurm_mpx135_s45_outcome_u11.out,1,135,45,pyalcs,11,0,outcome,filename,0.8,acs2,,,,true,,,,SUCCESS,55560000,1.0,532,8.0,136,77985,0.0,291115.4,190.85
slurm_mpx135_s46_outcome_u11.out,1,135,46,pyalcs,11,0,outcome,filename,0.8,acs2,,,,true,,,,SUCCESS,30240000,1.0,535,8.01,136,82432,0.0,207223.6,145.93
slurm_mpx264_s42_probe264.out,1,264,42,pyalcs,12,0,outcome,submission-record,0.8,acs2,,,,true,,,,TIME-LIMITED,1165000,0.0,0,0.0,265,60366,0.86,43201.7,26.97
