source,size,seed,variant,u_max,repeat,trials,wall_s,knowledge,reliable,spec,pop
mpx_m3_e1_traj70_butz.log,70,42,butz,9,0,60000,73.0,0.0,0,0.0,3588
mpx_m3_e1_traj70_butz.log,70,42,butz,9,0,120000,105.0,0.0009,1,9.0,3476
mpx_m3_e1_traj70_butz.log,70,42,butz,9,0,180000,138.0,0.0017,2,9.0,3932
mpx_m3_e1_traj70_butz.log,70,42,butz,9,0,240000,167.0,0.0042,6,9.0,4173
mpx_m3_e1_traj70_butz.log,70,42,butz,9,0,300000,196.0,0.0128,18,9.0,5198
mpx_m3_e1_traj70_butz.log,70,42,butz,9,0,360000,229.0,0.0198,34,9.0,6854
mpx_m3_e1_traj70_butz.log,70,42,butz,9,0,420000,269.0,0.0311,43,8.98,8154
mpx_m3_e1_traj70_butz.log,70,42,butz,9,0,480000,321.0,0.0584,77,8.92,9208
mpx_m3_e1_traj70_butz.log,70,42,butz,9,0,540000,394.0,0.0919,104,8.84,11465
mpx_m3_e1_traj70_butz.log,70,42,butz,9,0,600000,487.0,0.1284,142,8.81,13427
mpx_m3_e1_traj70_butz.log,70,42,butz,9,0,660000,640.0,0.1653,185,8.83,14336
mpx_m3_e1_traj70_butz.log,70,42,butz,9,0,720000,753.0,0.1926,188,8.74,14243
mpx_m3_e1_traj70_butz.log,70,42,butz,9,0,780000,831.0,0.2176,213,8.72,13792
mpx_m3_e1_traj70_butz.log,70,42,butz,9,0,840000,903.0,0.2287,201,8.64,13558
mpx_m3_e1_traj70_butz.log,70,42,butz,9,0,900000,953.0,0.2446,201,8.59,13169
mpx_m3_e1_traj70_butz.log,70,42,butz,9,0,960000,998.0,0.2662,214,8.56,13238
mpx_m3_e1_traj70_butz.log,70,42,butz,9,0,1020000,1042.0,0.2842,216,8.5,12650
mpx_m3_e1_traj70_butz.log,70,42,butz,9,0,1080000,1085.0,0.2903,210,8.46,12464
mpx_m3_e1_traj70_butz.log,70,42,butz,9,0,1140000,1173.0,0.2954,196,8.38,11732
mpx_m3_e1_traj70_butz.log,70,42,butz,9,0,1200000,1220.0,0.3019,173,8.24,11864
mpx_m3_e1_traj70_butz.log,70,42,butz,9,0,1260000,1261.0,0.308,182,8.27,11874
mpx_m3_e1_traj70_butz.log,70,42,butz,9,0,1320000,1316.0,0.3131,175,8.21,11996
mpx_m3_e1_traj70_butz.log,70,42,butz,9,0,1380000,1363.0,0.3187,187,8.21,11672
mpx_m3_e1_traj70_butz.log,70,42,butz,9,0,1440000,1408.0,0.3151,164,8.12,11765
mpx_m3_e1_traj70_butz.log,70,42,butz,9,0,1500000,1450.0,0.3227,158,7.99,15051
mpx_m3_e1_traj70_butz.log,70,42,butz,9,0,1560000,1592.0,0.3241,158,8.02,11512
mpx_m3_e1_traj70_butz.log,70,42,butz,9,0,1620000,1665.0,0.3253,155,7.97,12804
mpx_m3_e1_traj70_butz.log,70,42,butz,9,0,1680000,1718.0,0.3287,159,7.99,11689
mpx_m3_e1_traj70_butz.log,70,42,butz,9,0,1740000,1770.0,0.3271,148,7.95,11856
mpx_m3_e1_traj70_butz.log,70,42,butz,9,0,1800000,1814.0,0.327,137,7.83,11316
mpx_m3_e1_traj70_butz.log,70,42,butz,9,0,1860000,1887.0,0.3278,129,7.74,11774
mpx_m3_e1_traj70_butz.log,70,42,butz,9,0,1920000,1951.0,0.3294,129,7.75,12251
mpx_m3_e1_traj70_butz.log,70,42,butz,9,0,1980000,2018.0,0.3376,139,7.8,11587
mpx_m3_e1_traj70_butz.log,70,42,butz,9,0,2040000,2117.0,0.3404,130,7.68,11543
mpx_m3_e1_traj70_butz.log,70,42,butz,9,0,2100000,2190.0,0.3363,118,7.56,11566
mpx_m3_e1_traj70_butz.log,70,42,butz,9,0,2160000,2267.0,0.3404,119,7.54,11841
mpx_m3_e1_traj70_butz.log,70,42,butz,9,0,2220000,2334.0,0.3421,115,7.48,11684
mpx_m3_e1_traj70_butz.log,70,42,butz,9,0,2280000,2412.0,0.3395,115,7.53,11365
mpx_m3_e1_traj70_butz.log,70,42,butz,9,0,2340000,2494.0,0.3467,114,7.45,11688
mpx_m3_e1_traj70_butz.log,70,42,butz,9,0,2400000,2568.0,0.352,114,7.44,11783
mpx_m3_e1_traj70_butz.log,70,42,butz,9,0,2460000,2639.0,0.3524,118,7.47,11814
mpx_m3_e1_traj70_butz.log,70,42,butz,9,0,2520000,2717.0,0.3588,120,7.43,11669
mpx_m3_e1_traj70_butz.log,70,42,butz,9,0,2580000,2801.0,0.3608,124,7.47,11804
mpx_m3_e1_traj70_butz.log,70,42,butz,9,0,2640000,2869.0,0.3544,111,7.37,11534
mpx_m3_e1_traj70_butz.log,70,42,butz,9,0,2700000,2949.0,0.354,112,7.38,12338
mpx_m3_e1_traj70_butz.log,70,42,butz,9,0,2760000,3033.0,0.3563,113,7.35,12677
mpx_m3_e1_traj70_butz.log,70,42,butz,9,0,2820000,3118.0,0.3552,108,7.29,11688
mpx_m3_e1_traj70_butz.log,70,42,butz,9,0,2880000,3198.0,0.3462,103,7.28,12647
mpx_m3_e1_traj70_butz.log,70,42,butz,9,0,2940000,3276.0,0.3474,104,7.27,11710
mpx_m3_e1_traj70_butz.log,70,42,butz,9,0,3000000,3350.0,0.3479,101,7.2,11764
mpx_m3_e1_traj70_butz.log,70,42,butz,9,0,3060000,3420.0,0.3525,105,7.22,13893
mpx_m3_e1_traj70_butz.log,70,42,butz,9,0,3120000,3492.0,0.3536,100,7.12,11831
mpx_m3_e1_traj70_butz.log,70,42,butz,9,0,3180000,3553.0,0.3558,103,7.17,11418
mpx_m3_e1_traj70_butz.log,70,42,butz,9,0,3240000,3641.0,0.3565,106,7.23,11548
mpx_m3_e1_traj70_butz.log,70,42,butz,9,0,3300000,3730.0,0.3565,102,7.2,11761
mpx_m3_e1_traj70_butz.log,70,42,butz,9,0,3360000,3795.0,0.3554,102,7.22,12513
mpx_m3_e1_traj70_butz.log,70,42,butz,9,0,3420000,3867.0,0.3593,106,7.26,12969
mpx_m3_e1_traj70_butz.log,70,42,butz,9,0,3480000,3934.0,0.3576,104,7.25,12184
mpx_m3_e1_traj70_butz.log,70,42,butz,9,0,3540000,3998.0,0.3633,115,7.4,11918
mpx_m3_e1_traj70_butz.log,70,42,butz,9,0,3600000,4076.0,0.3746,125,7.42,12186
mpx_m3_e1_traj70_butz.log,70,42,butz,9,0,3660000,4145.0,0.3743,119,7.32,11780
mpx_m3_e1_traj70_butz.log,70,42,butz,9,0,3720000,4227.0,0.3672,116,7.39,11830
mpx_m3_e1_traj70_butz.log,70,42,butz,9,0,3780000,4291.0,0.3662,113,7.38,11795
mpx_m3_e1_traj70_butz.log,70,42,butz,9,0,3840000,4376.0,0.369,117,7.43,12454
mpx_m3_e1_traj70_butz.log,70,42,butz,9,0,3900000,4478.0,0.3691,117,7.42,11815
mpx_m3_e1_traj70_butz.log,70,42,butz,9,0,3960000,4561.0,0.3711,120,7.44,11855
mpx_m3_e1_traj70_butz.log,70,42,butz,9,0,4020000,4689.0,0.3731,125,7.5,11926
mpx_m3_e1_traj70_butz.log,70,42,butz,9,0,4080000,4767.0,0.3733,125,7.5,11864
mpx_m3_e1_traj70_butz.log,70,42,butz,9,0,4140000,4843.0,0.3751,132,7.58,12713
mpx_m3_e1_traj70_butz.log,70,42,butz,9,0,4200000,4923.0,0.377,138,7.63,12095
mpx_m3_e1_traj70_butz.log,70,42,butz,9,0,4260000,5003.0,0.3791,128,7.5,11832
mpx_m3_e1_traj70_butz.log,70,42,butz,9,0,4320000,5071.0,0.3756,123,7.46,12137
mpx_m3_e1_traj70_butz.log,70,42,butz,9,0,4380000,5156.0,0.3744,116,7.38,12454
mpx_m3_e1_traj70_butz.log,70,42,butz,9,0,4440000,5235.0,0.3734,112,7.31,13348
mpx_m3_e1_traj70_butz.log,70,42,butz,9,0,4500000,5305.0,0.3742,112,7.29,12525
mpx_m3_e1_traj70_butz.log,70,42,butz,9,0,4560000,5369.0,0.3752,113,7.29,11924
mpx_m3_e1_traj70_butz.log,70,42,butz,9,0,4620000,5442.0,0.373,111,7.31,11743
mpx_m3_e1_traj70_butz.log,70,42,butz,9,0,4680000,5514.0,0.3725,110,7.29,12118
mpx_m3_e1_traj70_butz.log,70,42,butz,9,0,4740000,5586.0,0.3717,108,7.27,12182
mpx_m3_e1_traj70_butz.log,70,42,butz,9,0,4800000,5653.0,0.3741,112,7.29,11825
mpx_m3_e1_traj70_butz.log,70,42,butz,9,0,4860000,5715.0,0.3764,111,7.26,12250
mpx_m3_e1_traj70_butz.log,70,42,butz,9,0,4920000,5789.0,0.3854,121,7.36,11935
mpx_m3_e1_traj70_butz.log,70,42,butz,9,0,4980000,5844.0,0.3878,115,7.26,12135
mpx_m3_e1_traj70_butz.log,70,42,butz,9,0,5040000,5928.0,0.3913,118,7.28,20599
mpx_m3_e1_traj70_butz.log,70,42,butz,9,0,5100000,6001.0,0.396,127,7.35,12105
mpx_m3_e1_traj70_butz.log,70,42,butz,9,0,5160000,6063.0,0.3999,122,7.28,12154
mpx_m3_e1_traj70_butz.log,70,42,butz,9,0,5220000,6122.0,0.3942,119,7.27,12407
mpx_m3_e1_traj70_butz.log,70,42,butz,9,0,5280000,6210.0,0.3959,119,7.25,16572
mpx_m3_e1_traj70_butz.log,70,42,butz,9,0,5340000,6307.0,0.3987,124,7.35,17513
mpx_m3_e1_traj70_butz.log,70,42,butz,9,0,5400000,6524.0,0.4001,121,7.31,12125
mpx_m3_e1_traj70_butz.log,70,42,butz,9,0,5460000,6583.0,0.3966,118,7.3,12382
mpx_m3_e1_traj70_butz.log,70,42,butz,9,0,5520000,6696.0,0.3953,116,7.25,11868
mpx_m3_e1_traj70_butz.log,70,42,butz,9,0,5580000,6771.0,0.3953,115,7.23,12047
mpx_m3_e1_traj70_butz.log,70,42,butz,9,0,5640000,6937.0,0.3934,111,7.2,12179
mpx_m3_e1_traj70_butz.log,70,42,butz,9,0,5700000,7168.0,0.4001,115,7.21,11725
mpx_m3_e1_traj70_pyalcs.log,70,42,pyalcs,8,0,60000,64.0,0.0009,1,10.0,3725
mpx_m3_e1_traj70_pyalcs.log,70,42,pyalcs,8,0,120000,92.0,0.0015,2,10.5,3885
mpx_m3_e1_traj70_pyalcs.log,70,42,pyalcs,8,0,180000,134.0,0.0077,6,9.5,4347
mpx_m3_e1_traj70_pyalcs.log,70,42,pyalcs,8,0,240000,161.0,0.0107,10,9.9,4131
mpx_m3_e1_traj70_pyalcs.log,70,42,pyalcs,8,0,300000,189.0,0.0171,16,9.94,4304
mpx_m3_e1_traj70_pyalcs.log,70,42,pyalcs,8,0,360000,217.0,0.0253,20,9.75,4880
mpx_m3_e1_traj70_pyalcs.log,70,42,pyalcs,8,0,420000,247.0,0.0316,28,9.75,4560
mpx_m3_e1_traj70_pyalcs.log,70,42,pyalcs,8,0,480000,278.0,0.0323,28,9.86,4422
mpx_m3_e1_traj70_pyalcs.log,70,42,pyalcs,8,0,540000,311.0,0.0347,27,9.59,4341
mpx_m3_e1_traj70_pyalcs.log,70,42,pyalcs,8,0,600000,343.0,0.0385,29,9.76,5226
mpx_m3_e1_traj70_pyalcs.log,70,42,pyalcs,8,0,660000,383.0,0.0438,30,9.3,5185
mpx_m3_e1_traj70_pyalcs.log,70,42,pyalcs,8,0,720000,422.0,0.0544,34,9.15,5068
mpx_m3_e1_traj70_pyalcs.log,70,42,pyalcs,8,0,780000,458.0,0.0714,52,9.65,4938
mpx_m3_e1_traj70_pyalcs.log,70,42,pyalcs,8,0,840000,500.0,0.0864,60,9.23,4860
mpx_m3_e1_traj70_pyalcs.log,70,42,pyalcs,8,0,900000,586.0,0.1019,69,9.28,4708
mpx_m3_e1_traj70_pyalcs.log,70,42,pyalcs,8,0,960000,621.0,0.1022,62,9.39,4698
mpx_m3_e1_traj70_pyalcs.log,70,42,pyalcs,8,0,1020000,651.0,0.114,64,9.05,4085
mpx_m3_e1_traj70_pyalcs.log,70,42,pyalcs,8,0,1080000,683.0,0.1229,62,8.87,3981
mpx_m3_e1_traj70_pyalcs.log,70,42,pyalcs,8,0,1140000,728.0,0.1294,70,8.81,3902
mpx_m3_e1_traj70_pyalcs.log,70,42,pyalcs,8,0,1200000,764.0,0.1482,78,8.88,4056
mpx_m3_e1_traj70_pyalcs.log,70,42,pyalcs,8,0,1260000,793.0,0.1677,92,8.98,4310
mpx_m3_e1_traj70_pyalcs.log,70,42,pyalcs,8,0,1320000,818.0,0.184,94,8.83,3864
mpx_m3_e1_traj70_pyalcs.log,70,42,pyalcs,8,0,1380000,842.0,0.1979,97,8.7,3890
mpx_m3_e1_traj70_pyalcs.log,70,42,pyalcs,8,0,1440000,882.0,0.2101,101,8.68,3929
mpx_m3_e1_traj70_pyalcs.log,70,42,pyalcs,8,0,1500000,907.0,0.2237,105,8.56,3350
mpx_m3_e1_traj70_pyalcs.log,70,42,pyalcs,8,0,1560000,931.0,0.2313,106,8.65,3165
mpx_m3_e1_traj70_pyalcs.log,70,42,pyalcs,8,0,1620000,952.0,0.2406,112,8.62,3220
mpx_m3_e1_traj70_pyalcs.log,70,42,pyalcs,8,0,1680000,974.0,0.2496,114,8.55,3013
mpx_m3_e1_traj70_pyalcs.log,70,42,pyalcs,8,0,1740000,997.0,0.2715,124,8.6,3099
mpx_m3_e1_traj70_pyalcs.log,70,42,pyalcs,8,0,1800000,1020.0,0.2939,131,8.4,2985
mpx_m3_e1_traj70_pyalcs.log,70,42,pyalcs,8,0,1860000,1041.0,0.3179,141,8.36,2838
mpx_m3_e1_traj70_pyalcs.log,70,42,pyalcs,8,0,1920000,1060.0,0.3357,151,8.32,2595
mpx_m3_e1_traj70_pyalcs.log,70,42,pyalcs,8,0,1980000,1085.0,0.3449,140,8.26,2586
mpx_m3_e1_traj70_pyalcs.log,70,42,pyalcs,8,0,2040000,1103.0,0.3684,155,8.15,2928
mpx_m3_e1_traj70_pyalcs.log,70,42,pyalcs,8,0,2100000,1160.0,0.388,156,8.1,2699
mpx_m3_e1_traj70_pyalcs.log,70,42,pyalcs,8,0,2160000,1192.0,0.396,155,8.23,2489
mpx_m3_e1_traj70_pyalcs.log,70,42,pyalcs,8,0,2220000,1216.0,0.4094,160,8.08,2132
mpx_m3_e1_traj70_pyalcs.log,70,42,pyalcs,8,0,2280000,1236.0,0.4284,164,7.92,2053
mpx_m3_e1_traj70_pyalcs.log,70,42,pyalcs,8,0,2340000,1261.0,0.4325,158,7.76,2117
mpx_m3_e1_traj70_pyalcs.log,70,42,pyalcs,8,0,2400000,1284.0,0.4458,163,7.77,3051
mpx_m3_e1_traj70_pyalcs.log,70,42,pyalcs,8,0,2460000,1323.0,0.4589,167,7.71,2280
mpx_m3_e1_traj70_pyalcs.log,70,42,pyalcs,8,0,2520000,1341.0,0.4803,181,7.77,2492
mpx_m3_e1_traj70_pyalcs.log,70,42,pyalcs,8,0,2580000,1356.0,0.498,179,7.71,2398
mpx_m3_e1_traj70_pyalcs.log,70,42,pyalcs,8,0,2640000,1376.0,0.5142,179,7.72,1848
mpx_m3_e1_traj70_pyalcs.log,70,42,pyalcs,8,0,2700000,1392.0,0.5224,173,7.65,1977
mpx_m3_e1_traj70_pyalcs.log,70,42,pyalcs,8,0,2760000,1421.0,0.5294,174,7.64,1885
mpx_m3_e1_traj70_pyalcs.log,70,42,pyalcs,8,0,2820000,1444.0,0.5332,175,7.64,1801
mpx_m3_e1_traj70_pyalcs.log,70,42,pyalcs,8,0,2880000,1474.0,0.5337,170,7.5,2039
mpx_m3_e1_traj70_pyalcs.log,70,42,pyalcs,8,0,2940000,1561.0,0.5394,174,7.45,1938
mpx_m3_e1_traj70_pyalcs.log,70,42,pyalcs,8,0,3000000,1617.0,0.5522,179,7.46,1692
mpx_m3_e1_traj70_pyalcs.log,70,42,pyalcs,8,0,3060000,1648.0,0.5533,173,7.42,1899
mpx_m3_e1_traj70_pyalcs.log,70,42,pyalcs,8,0,3120000,1679.0,0.5656,175,7.42,1670
mpx_m3_e1_traj70_pyalcs.log,70,42,pyalcs,8,0,3180000,1702.0,0.5643,172,7.34,1729
mpx_m3_e1_traj70_pyalcs.log,70,42,pyalcs,8,0,3240000,1725.0,0.5677,169,7.35,1555
mpx_m3_e1_traj70_pyalcs.log,70,42,pyalcs,8,0,3300000,1746.0,0.5806,177,7.37,1579
mpx_m3_e1_traj70_pyalcs.log,70,42,pyalcs,8,0,3360000,1781.0,0.5962,179,7.3,1867
mpx_m3_e1_traj70_pyalcs.log,70,42,pyalcs,8,0,3420000,1809.0,0.6022,181,7.28,1865
mpx_m3_e1_traj70_pyalcs.log,70,42,pyalcs,8,0,3480000,1831.0,0.6072,178,7.22,1962
mpx_m3_e1_traj70_pyalcs.log,70,42,pyalcs,8,0,3540000,1861.0,0.6098,180,7.22,1919
mpx_m3_e1_traj70_pyalcs.log,70,42,pyalcs,8,0,3600000,1890.0,0.6155,181,7.25,1502
mpx_m3_e1_traj70_pyalcs.log,70,42,pyalcs,8,0,3660000,1917.0,0.6165,175,7.23,1604
mpx_m3_e1_traj70_pyalcs.log,70,42,pyalcs,8,0,3720000,1944.0,0.6187,179,7.2,1645
mpx_m3_e1_traj70_pyalcs.log,70,42,pyalcs,8,0,3780000,1984.0,0.6167,179,7.18,1650
mpx_m3_e1_traj70_pyalcs.log,70,42,pyalcs,8,0,3840000,2020.0,0.6128,176,7.21,1618
mpx_m3_e1_traj70_pyalcs.log,70,42,pyalcs,8,0,3900000,2077.0,0.6123,175,7.13,1709
mpx_m3_e1_traj70_pyalcs.log,70,42,pyalcs,8,0,3960000,2107.0,0.616,180,7.26,1629
mpx_m3_e1_traj70_pyalcs.log,70,42,pyalcs,8,0,4020000,2140.0,0.6172,180,7.24,1735
mpx_m3_e1_traj70_pyalcs.log,70,42,pyalcs,8,0,4080000,2174.0,0.6154,174,7.26,1865
mpx_m3_e1_traj70_pyalcs.log,70,42,pyalcs,8,0,4140000,2202.0,0.6176,177,7.28,1559
mpx_m3_e1_traj70_pyalcs.log,70,42,pyalcs,8,0,4200000,2238.0,0.6238,181,7.28,1793
mpx_m3_e1_traj70_pyalcs.log,70,42,pyalcs,8,0,4260000,2269.0,0.6282,181,7.24,2773
mpx_m3_e1_traj70_pyalcs.log,70,42,pyalcs,8,0,4320000,2301.0,0.6329,181,7.22,1579
mpx_m3_e1_traj70_pyalcs.log,70,42,pyalcs,8,0,4380000,2324.0,0.6244,169,7.18,1782
mpx_m3_e1_traj70_pyalcs.log,70,42,pyalcs,8,0,4440000,2353.0,0.6324,179,7.19,1542
mpx_m3_e1_traj70_pyalcs.log,70,42,pyalcs,8,0,4500000,2379.0,0.6328,175,7.19,1353
mpx_m3_e1_traj70_pyalcs.log,70,42,pyalcs,8,0,4560000,2416.0,0.6351,180,7.27,1509
mpx_m3_e1_traj70_pyalcs.log,70,42,pyalcs,8,0,4620000,2432.0,0.6419,195,7.35,1601
mpx_m3_e1_traj70_pyalcs.log,70,42,pyalcs,8,0,4680000,2451.0,0.6419,185,7.32,1652
mpx_m3_e1_traj70_pyalcs.log,70,42,pyalcs,8,0,4740000,2480.0,0.6468,192,7.33,1517
mpx_m3_e1_traj70_pyalcs.log,70,42,pyalcs,8,0,4800000,2518.0,0.6483,197,7.34,1601
mpx_m3_e1_traj70_pyalcs.log,70,42,pyalcs,8,0,4860000,2548.0,0.6445,182,7.31,1405
mpx_m3_e1_traj70_pyalcs.log,70,42,pyalcs,8,0,4920000,2574.0,0.6522,181,7.34,1469
mpx_m3_e1_traj70_pyalcs.log,70,42,pyalcs,8,0,4980000,2608.0,0.6547,185,7.28,1463
mpx_m3_e1_traj70_pyalcs.log,70,42,pyalcs,8,0,5040000,2637.0,0.6553,182,7.2,1431
mpx_m3_e1_traj70_pyalcs.log,70,42,pyalcs,8,0,5100000,2670.0,0.6562,184,7.18,1635
mpx_m3_e1_traj70_pyalcs.log,70,42,pyalcs,8,0,5160000,2693.0,0.6618,195,7.19,1903
mpx_m3_e1_traj70_pyalcs.log,70,42,pyalcs,8,0,5220000,2715.0,0.6621,189,7.2,1711
mpx_m3_e1_traj70_pyalcs.log,70,42,pyalcs,8,0,5280000,2740.0,0.6677,188,7.2,4793
mpx_m3_e1_traj70_pyalcs.log,70,42,pyalcs,8,0,5340000,2770.0,0.6661,192,7.17,1474
mpx_m3_e1_traj70_pyalcs.log,70,42,pyalcs,8,0,5400000,2792.0,0.668,181,7.14,1454
mpx_m3_e1_traj70_pyalcs.log,70,42,pyalcs,8,0,5460000,2816.0,0.6655,182,7.19,1779
mpx_m3_e1_traj70_pyalcs.log,70,42,pyalcs,8,0,5520000,2845.0,0.666,185,7.18,1493
mpx_m3_e1_traj70_pyalcs.log,70,42,pyalcs,8,0,5580000,2869.0,0.6673,187,7.18,1399
mpx_m3_e1_traj70_pyalcs.log,70,42,pyalcs,8,0,5640000,2891.0,0.6696,187,7.16,1415
mpx_m3_e1_traj70_pyalcs.log,70,42,pyalcs,8,0,5700000,2919.0,0.6701,184,7.15,1874
mpx_m3_e1_traj70_pyalcs.log,70,42,pyalcs,8,0,5760000,2944.0,0.6679,180,7.14,1417
mpx_m3_e1_traj70_pyalcs.log,70,42,pyalcs,8,0,5820000,2970.0,0.6707,187,7.14,1337
mpx_m3_e1_traj70_pyalcs.log,70,42,pyalcs,8,0,5880000,2996.0,0.6705,188,7.04,1475
mpx_m3_e1_traj70_pyalcs.log,70,42,pyalcs,8,0,5940000,3022.0,0.6692,188,7.04,1497
mpx_m3_e1_traj70_pyalcs.log,70,42,pyalcs,8,0,6000000,3044.0,0.6654,178,7.04,1429
mpx_m3_e1_traj70_pyalcs.log,70,42,pyalcs,8,0,6060000,3069.0,0.6715,184,7.05,1420
mpx_m3_e1_traj70_pyalcs.log,70,42,pyalcs,8,0,6120000,3104.0,0.6728,184,7.07,1901
mpx_m3_e1_traj70_pyalcs.log,70,42,pyalcs,8,0,6180000,3121.0,0.6712,184,7.06,1356
mpx_m3_e1_traj70_pyalcs.log,70,42,pyalcs,8,0,6240000,3152.0,0.6729,183,7.04,1461
mpx_m3_e1_traj70_pyalcs.log,70,42,pyalcs,8,0,6300000,3185.0,0.6758,181,7.02,1347
mpx_m3_e1_traj70_pyalcs.log,70,42,pyalcs,8,0,6360000,3226.0,0.6758,182,7.02,1377
mpx_m3_e1_traj70_pyalcs.log,70,42,pyalcs,8,0,6420000,3259.0,0.6735,188,7.03,1360
mpx_m3_e1_traj70_pyalcs.log,70,42,pyalcs,8,0,6480000,3281.0,0.6744,187,7.08,1814
mpx_m3_e1_traj70_pyalcs.log,70,42,pyalcs,8,0,6540000,3305.0,0.6715,187,7.13,1378
mpx_m3_e1_traj70_pyalcs.log,70,42,pyalcs,8,0,6600000,3349.0,0.6728,188,7.15,1566
mpx_m3_e1_traj70_pyalcs.log,70,42,pyalcs,8,0,6660000,3374.0,0.6707,184,7.12,1715
mpx_m3_e1_traj70_pyalcs.log,70,42,pyalcs,8,0,6720000,3396.0,0.6762,191,7.13,1475
mpx_m3_e1_traj70_pyalcs.log,70,42,pyalcs,8,0,6780000,3428.0,0.6753,188,7.12,1416
mpx_m3_e1_traj70_pyalcs.log,70,42,pyalcs,8,0,6840000,3457.0,0.6744,184,7.12,1343
mpx_m3_e1_traj70_pyalcs.log,70,42,pyalcs,8,0,6900000,3482.0,0.6755,183,7.11,1389
mpx_m3_e1_traj70_pyalcs.log,70,42,pyalcs,8,0,6960000,3504.0,0.6758,188,7.13,1428
mpx_m3_e1_traj70_pyalcs.log,70,42,pyalcs,8,0,7020000,3525.0,0.6769,189,7.15,1793
mpx_m3_e1_traj70_pyalcs.log,70,42,pyalcs,8,0,7080000,3544.0,0.6749,186,7.13,2369
mpx_m3_e1_traj70_pyalcs.log,70,42,pyalcs,8,0,7140000,3567.0,0.6782,184,7.14,1392
mpx_m3_e1_traj70_pyalcs.log,70,42,pyalcs,8,0,7200000,3609.0,0.6772,189,7.12,1410
mpx_m3_e1_traj70_pyalcs.log,70,42,pyalcs,8,0,7260000,3627.0,0.6734,193,7.1,2465
mpx_m3_e1_traj70_pyalcs.log,70,42,pyalcs,8,0,7320000,3659.0,0.6747,185,7.15,1423
mpx_m3_e1_traj70_pyalcs.log,70,42,pyalcs,8,0,7380000,3686.0,0.6816,184,7.12,1672
mpx_m3_e1_traj70_pyalcs.log,70,42,pyalcs,8,0,7440000,3729.0,0.6828,186,7.09,1440
mpx_m3_e1_traj70_pyalcs.log,70,42,pyalcs,8,0,7500000,3752.0,0.6842,184,7.09,2139
mpx_m3_e1_traj70_pyalcs.log,70,42,pyalcs,8,0,7560000,3776.0,0.6857,190,7.1,1424
mpx_m3_e1_traj70_pyalcs.log,70,42,pyalcs,8,0,7620000,3799.0,0.6928,192,7.1,3817
mpx_m3_e1_traj70_pyalcs.log,70,42,pyalcs,8,0,7680000,3828.0,0.6906,196,7.1,1556
mpx_m3_e1_traj70_pyalcs.log,70,42,pyalcs,8,0,7740000,3853.0,0.6885,188,7.11,1601
mpx_m3_e1_traj70_pyalcs.log,70,42,pyalcs,8,0,7800000,3885.0,0.6894,194,7.11,1401
mpx_m3_e1_traj70_pyalcs.log,70,42,pyalcs,8,0,7860000,3921.0,0.6941,191,7.1,1537
mpx_m3_e1_traj70_pyalcs.log,70,42,pyalcs,8,0,7920000,3953.0,0.6962,190,7.12,3477
mpx_m3_e1_traj70_pyalcs.log,70,42,pyalcs,8,0,7980000,3985.0,0.7009,201,7.13,1326
mpx_m3_e1_traj70_pyalcs.log,70,42,pyalcs,8,0,8040000,4011.0,0.7039,198,7.1,1352
mpx_m3_e1_traj70_pyalcs.log,70,42,pyalcs,8,0,8100000,4039.0,0.6992,194,7.13,1508
mpx_m3_e1_traj70_pyalcs.log,70,42,pyalcs,8,0,8160000,4078.0,0.7001,196,7.12,1667
mpx_m3_e1_traj70_pyalcs.log,70,42,pyalcs,8,0,8220000,4101.0,0.7037,196,7.16,1299
mpx_m3_e1_traj70_pyalcs.log,70,42,pyalcs,8,0,8280000,4132.0,0.7013,195,7.17,1436
mpx_m3_e1_traj70_pyalcs.log,70,42,pyalcs,8,0,8340000,4163.0,0.6974,193,7.16,3111
mpx_m3_e1_traj70_pyalcs.log,70,42,pyalcs,8,0,8400000,4190.0,0.7005,189,7.19,2528
mpx_m3_e1_traj70_pyalcs.log,70,42,pyalcs,8,0,8460000,4221.0,0.7028,194,7.15,1389
mpx_m3_e1_traj70_pyalcs.log,70,42,pyalcs,8,0,8520000,4240.0,0.7077,195,7.16,1406
mpx_m3_e1_traj70_pyalcs.log,70,42,pyalcs,8,0,8580000,4269.0,0.7078,200,7.16,1500
mpx_m3_e1_traj70_pyalcs.log,70,42,pyalcs,8,0,8640000,4296.0,0.7078,195,7.2,1255
mpx_m3_e1_traj70_pyalcs.log,70,42,pyalcs,8,0,8700000,4330.0,0.706,196,7.15,5996
mpx_m3_e1_traj70_pyalcs.log,70,42,pyalcs,8,0,8760000,4356.0,0.7063,196,7.15,1454
mpx_m3_e1_traj70_pyalcs.log,70,42,pyalcs,8,0,8820000,4387.0,0.7099,196,7.15,1312
mpx_m3_e1_traj70_pyalcs.log,70,42,pyalcs,8,0,8880000,4420.0,0.7099,191,7.16,1277
mpx_m3_e1_traj70_pyalcs.log,70,42,pyalcs,8,0,8940000,4451.0,0.7157,199,7.15,1701
mpx_m3_e1_traj70_pyalcs.log,70,42,pyalcs,8,0,9000000,4481.0,0.7177,194,7.12,1407
mpx_m3_e1_traj70_pyalcs.log,70,42,pyalcs,8,0,9060000,4509.0,0.7183,195,7.13,1357
mpx_m3_e1_traj70_pyalcs.log,70,42,pyalcs,8,0,9120000,4542.0,0.719,195,7.12,1161
mpx_m3_e1_traj70_pyalcs.log,70,42,pyalcs,8,0,9180000,4602.0,0.7193,196,7.13,1373
mpx_m3_e1_traj70_pyalcs.log,70,42,pyalcs,8,0,9240000,4661.0,0.7223,196,7.09,1527
mpx_m3_e1_traj70_pyalcs.log,70,42,pyalcs,8,0,9300000,4687.0,0.7215,196,7.09,1438
mpx_m3_e1_traj70_pyalcs.log,70,42,pyalcs,8,0,9360000,4704.0,0.7229,200,7.12,1386
mpx_m3_e1_traj70_pyalcs.log,70,42,pyalcs,8,0,9420000,4731.0,0.7241,195,7.14,1354
mpx_m3_e1_traj70_pyalcs.log,70,42,pyalcs,8,0,9480000,4760.0,0.7281,196,7.14,1235
mpx_m3_e1_traj70_pyalcs.log,70,42,pyalcs,8,0,9540000,4787.0,0.73,201,7.14,1672
mpx_m3_e1_traj70_pyalcs.log,70,42,pyalcs,8,0,9600000,4827.0,0.7359,201,7.13,1213
mpx_m3_e1_traj70_pyalcs.log,70,42,pyalcs,8,0,9660000,4850.0,0.7405,209,7.16,1346
mpx_m3_e1_traj70_pyalcs.log,70,42,pyalcs,8,0,9720000,4883.0,0.7407,209,7.13,1223
mpx_m3_e1_traj70_pyalcs.log,70,42,pyalcs,8,0,9780000,4914.0,0.7449,210,7.11,1230
mpx_m3_e1_traj70_pyalcs.log,70,42,pyalcs,8,0,9840000,4940.0,0.7396,200,7.11,1277
mpx_m3_e1_traj70_pyalcs.log,70,42,pyalcs,8,0,9900000,4972.0,0.7378,199,7.11,1330
mpx_m3_e1_traj70_pyalcs.log,70,42,pyalcs,8,0,9960000,4994.0,0.7459,203,7.11,1683
mpx_m3_e1_traj70_pyalcs.log,70,42,pyalcs,8,0,10020000,5013.0,0.7491,206,7.13,1546
mpx_m3_e1_traj70_pyalcs.log,70,42,pyalcs,8,0,10080000,5035.0,0.7524,209,7.13,1344
mpx_m3_e1_traj70_pyalcs.log,70,42,pyalcs,8,0,10140000,5057.0,0.7553,212,7.12,1158
mpx_m3_e1_traj70_pyalcs.log,70,42,pyalcs,8,0,10200000,5072.0,0.7565,212,7.11,1234
mpx_m3_e1_traj70_pyalcs.log,70,42,pyalcs,8,0,10260000,5096.0,0.7641,213,7.12,1241
mpx_m3_e1_traj70_pyalcs.log,70,42,pyalcs,8,0,10320000,5117.0,0.7714,217,7.15,1378
mpx_m3_e1_traj70_pyalcs.log,70,42,pyalcs,8,0,10380000,5134.0,0.77,213,7.11,1362
mpx_m3_e1_traj70_pyalcs.log,70,42,pyalcs,8,0,10440000,5155.0,0.7738,214,7.12,1241
mpx_m3_e1_traj70_pyalcs.log,70,42,pyalcs,8,0,10500000,5167.0,0.7703,221,7.11,1154
mpx_m3_e1_traj70_pyalcs.log,70,42,pyalcs,8,0,10560000,5185.0,0.7716,213,7.13,1224
mpx_m3_e1_traj70_pyalcs.log,70,42,pyalcs,8,0,10620000,5198.0,0.7748,218,7.13,1174
mpx_m3_e1_traj70_pyalcs.log,70,42,pyalcs,8,0,10680000,5217.0,0.7786,226,7.14,1190
mpx_m3_e1_traj70_pyalcs.log,70,42,pyalcs,8,0,10740000,5229.0,0.7861,229,7.13,1230
mpx_m3_e1_traj70_pyalcs.log,70,42,pyalcs,8,0,10800000,5240.0,0.7939,226,7.15,1191
mpx_m3_e1_traj70_pyalcs.log,70,42,pyalcs,8,0,10860000,5250.0,0.805,227,7.13,1218
mpx_m3_e1_traj70_pyalcs.log,70,42,pyalcs,8,0,10920000,5264.0,0.8092,228,7.12,1237
mpx_m3_e1_traj70_pyalcs.log,70,42,pyalcs,8,0,10980000,5278.0,0.8159,234,7.12,1156
mpx_m3_e1_traj70_pyalcs.log,70,42,pyalcs,8,0,11040000,5286.0,0.8249,229,7.13,1210
mpx_m3_e1_traj70_pyalcs.log,70,42,pyalcs,8,0,11100000,5294.0,0.8297,240,7.13,1126
mpx_m3_e1_traj70_pyalcs.log,70,42,pyalcs,8,0,11160000,5302.0,0.8284,230,7.11,1190
mpx_m3_e1_traj70_pyalcs.log,70,42,pyalcs,8,0,11220000,5310.0,0.8297,231,7.13,1116
mpx_m3_e1_traj70_pyalcs.log,70,42,pyalcs,8,0,11280000,5318.0,0.8286,231,7.16,1130
mpx_m3_e1_traj70_pyalcs.log,70,42,pyalcs,8,0,11340000,5326.0,0.8238,232,7.17,1142
mpx_m3_e1_traj70_pyalcs.log,70,42,pyalcs,8,0,11400000,5337.0,0.8354,232,7.16,1111
mpx_m3_e1_traj70_pyalcs.log,70,42,pyalcs,8,0,11460000,5346.0,0.8496,241,7.16,1219
mpx_m3_e1_traj70_pyalcs.log,70,42,pyalcs,8,0,11520000,5354.0,0.8461,235,7.21,1111
mpx_m3_e1_traj70_pyalcs.log,70,42,pyalcs,8,0,11580000,5362.0,0.8476,241,7.2,1160
mpx_m3_e1_traj70_pyalcs.log,70,42,pyalcs,8,0,11640000,5370.0,0.8536,245,7.26,1164
mpx_m3_e1_traj70_pyalcs.log,70,42,pyalcs,8,0,11700000,5377.0,0.8602,247,7.23,1174
mpx_m3_e1_traj70_pyalcs.log,70,42,pyalcs,8,0,11760000,5384.0,0.8646,250,7.23,1283
mpx_m3_e1_traj70_pyalcs.log,70,42,pyalcs,8,0,11820000,5392.0,0.8638,243,7.19,1152
mpx_m3_e1_traj70_pyalcs.log,70,42,pyalcs,8,0,11880000,5399.0,0.8793,253,7.19,1228
mpx_m3_e1_traj70_pyalcs.log,70,42,pyalcs,8,0,11940000,5407.0,0.8862,256,7.2,1180
mpx_m3_e1_traj70_pyalcs.log,70,42,pyalcs,8,0,12000000,5414.0,0.8918,256,7.19,1253
mpx_m3_e1_traj70_pyalcs.log,70,42,pyalcs,8,0,12060000,5421.0,0.9006,263,7.18,1211
mpx_m3_e1_traj70_pyalcs.log,70,42,pyalcs,8,0,12120000,5429.0,0.9056,262,7.21,1174
mpx_m3_e1_traj70_pyalcs.log,70,42,pyalcs,8,0,12180000,5436.0,0.9114,267,7.18,1365
mpx_m3_e1_traj70_pyalcs.log,70,42,pyalcs,8,0,12240000,5443.0,0.9152,265,7.22,1261
mpx_m3_e1_traj70_pyalcs.log,70,42,pyalcs,8,0,12300000,5450.0,0.9251,267,7.21,1244
mpx_m3_e1_traj70_pyalcs.log,70,42,pyalcs,8,0,12360000,5457.0,0.928,275,7.17,1256
mpx_m3_e1_traj70_pyalcs.log,70,42,pyalcs,8,0,12420000,5463.0,0.9349,271,7.14,1244
mpx_m3_e1_traj70_pyalcs.log,70,42,pyalcs,8,0,12480000,5470.0,0.9254,260,7.15,1238
mpx_m3_e1_traj70_pyalcs.log,70,42,pyalcs,8,0,12540000,5477.0,0.94,270,7.16,1318
mpx_m3_e1_traj70_pyalcs.log,70,42,pyalcs,8,0,12600000,5484.0,0.9469,275,7.11,1305
mpx_m3_e1_traj70_pyalcs.log,70,42,pyalcs,8,0,12660000,5490.0,0.9438,263,7.08,1181
mpx_m3_e1_traj70_pyalcs.log,70,42,pyalcs,8,0,12720000,5497.0,0.9487,266,7.11,1250
mpx_m3_e1_traj70_pyalcs.log,70,42,pyalcs,8,0,12780000,5504.0,0.9512,274,7.11,1231
mpx_m3_e1_traj70_pyalcs.log,70,42,pyalcs,8,0,12840000,5511.0,0.9521,275,7.1,1229
mpx_m3_e1_traj70_pyalcs.log,70,42,pyalcs,8,0,12900000,5518.0,0.9527,268,7.1,1152
mpx_m3_e1_traj70_pyalcs.log,70,42,pyalcs,8,0,12960000,5526.0,0.9521,263,7.1,1140
mpx_m3_e1_traj70_pyalcs.log,70,42,pyalcs,8,0,13020000,5536.0,0.9513,263,7.07,1150
mpx_m3_e1_traj70_pyalcs.log,70,42,pyalcs,8,0,13080000,5543.0,0.957,274,7.08,1193
mpx_m3_e1_traj70_pyalcs.log,70,42,pyalcs,8,0,13140000,5549.0,0.9511,259,7.07,1216
mpx_m3_e1_traj70_pyalcs.log,70,42,pyalcs,8,0,13200000,5556.0,0.96,271,7.07,1203
mpx_m3_e1_traj70_pyalcs.log,70,42,pyalcs,8,0,13260000,5562.0,0.9602,265,7.08,1183
mpx_m3_e1_traj70_pyalcs.log,70,42,pyalcs,8,0,13320000,5569.0,0.9574,266,7.07,1214
mpx_m3_e1_traj70_pyalcs.log,70,42,pyalcs,8,0,13380000,5575.0,0.9536,265,7.07,1191
mpx_m3_e1_traj70_pyalcs.log,70,42,pyalcs,8,0,13440000,5582.0,0.9576,278,7.09,1189
mpx_m3_e1_traj70_pyalcs.log,70,42,pyalcs,8,0,13500000,5588.0,0.9573,261,7.08,1150
mpx_m3_e1_traj70_pyalcs.log,70,42,pyalcs,8,0,13560000,5595.0,0.9646,266,7.08,1141
mpx_m3_e1_traj70_pyalcs.log,70,42,pyalcs,8,0,13620000,5604.0,0.9731,273,7.07,1174
mpx_m3_e1_traj70_pyalcs.log,70,42,pyalcs,8,0,13680000,5611.0,0.9706,266,7.07,1184
mpx_m3_e1_traj70_pyalcs.log,70,42,pyalcs,8,0,13740000,5617.0,0.9685,271,7.07,1159
mpx_m3_e1_traj70_pyalcs.log,70,42,pyalcs,8,0,13800000,5624.0,0.9696,259,7.07,1145
mpx_m3_e1_traj70_pyalcs.log,70,42,pyalcs,8,0,13860000,5630.0,0.9782,266,7.06,1237
mpx_m3_e1_traj70_pyalcs.log,70,42,pyalcs,8,0,13920000,5637.0,0.9771,268,7.07,1172
mpx_m3_e1_traj70_pyalcs.log,70,42,pyalcs,8,0,13980000,5644.0,0.9747,268,7.07,1160
mpx_m3_e1_traj70_pyalcs.log,70,42,pyalcs,8,0,14040000,5651.0,0.9763,273,7.07,1208
mpx_m3_e1_traj70_pyalcs.log,70,42,pyalcs,8,0,14100000,5657.0,0.975,266,7.06,1127
mpx_m3_e1_traj70_pyalcs.log,70,42,pyalcs,8,0,14160000,5663.0,0.9784,265,7.06,1185
mpx_m3_e1_traj70_pyalcs.log,70,42,pyalcs,8,0,14220000,5669.0,0.9784,268,7.06,1125
mpx_m3_e1_traj70_pyalcs.log,70,42,pyalcs,8,0,14280000,5679.0,0.9784,266,7.06,1178
mpx_m3_e1_traj70_pyalcs.log,70,42,pyalcs,8,0,14340000,5687.0,0.9717,265,7.06,1217
mpx_m3_e1_traj70_pyalcs.log,70,42,pyalcs,8,0,14400000,5693.0,0.9766,267,7.06,1268
mpx_m3_e1_traj70_pyalcs.log,70,42,pyalcs,8,0,14460000,5700.0,0.9813,266,7.07,1169
mpx_m3_e1_traj70_pyalcs.log,70,42,pyalcs,8,0,14520000,5707.0,0.9765,269,7.04,1229
mpx_m3_e1_traj70_pyalcs.log,70,42,pyalcs,8,0,14580000,5718.0,0.9753,263,7.04,1147
mpx_m3_e1_traj70_pyalcs.log,70,42,pyalcs,8,0,14640000,5725.0,0.9749,268,7.04,1158
mpx_m3_e1_traj70_pyalcs.log,70,42,pyalcs,8,0,14700000,5731.0,0.9812,266,7.05,1221
mpx_m3_e1_traj70_pyalcs.log,70,42,pyalcs,8,0,14760000,5738.0,0.9832,264,7.04,1173
mpx_m3_e1_traj70_pyalcs.log,70,42,pyalcs,8,0,14820000,5744.0,0.9819,262,7.04,1159
mpx_m3_e1_traj70_pyalcs.log,70,42,pyalcs,8,0,14880000,5751.0,0.9823,270,7.04,1217
mpx_m3_e1_traj70_pyalcs.log,70,42,pyalcs,8,0,14940000,5758.0,0.9837,271,7.06,1192
mpx_m3_e1_traj70_pyalcs.log,70,42,pyalcs,8,0,15000000,5764.0,0.9855,279,7.06,1245
mpx_m3_e1_traj70_pyalcs.log,70,42,pyalcs,8,0,15060000,5770.0,0.9906,272,7.07,1187
mpx_m3_e1_traj70_pyalcs.log,70,42,pyalcs,8,0,15120000,5777.0,0.992,268,7.06,1175
mpx_m3_e1_traj70_pyalcs.log,70,42,pyalcs,8,0,15180000,5783.0,0.991,276,7.07,1161
mpx_m3_e1_traj70_pyalcs.log,70,42,pyalcs,8,0,15240000,5790.0,0.9948,276,7.07,1236
mpx_m3_e1_traj70_pyalcs.log,70,42,pyalcs,8,0,15300000,5796.0,0.9922,272,7.08,1254
mpx_m3_e1_traj70_pyalcs.log,70,42,pyalcs,8,0,15360000,5803.0,0.9921,276,7.07,1163
mpx_m3_e1_traj70_pyalcs.log,70,42,pyalcs,8,0,15420000,5809.0,0.9917,278,7.06,1196
mpx_m3_e1_traj70_pyalcs.log,70,42,pyalcs,8,0,15480000,5815.0,0.9917,277,7.04,1179
mpx_m3_e1_traj70_pyalcs.log,70,42,pyalcs,8,0,15540000,5821.0,0.9935,266,7.05,1225
mpx_m3_e1_traj70_pyalcs.log,70,42,pyalcs,8,0,15600000,5827.0,0.9944,269,7.04,1202
mpx_m3_e1_traj70_pyalcs.log,70,42,pyalcs,8,0,15660000,5834.0,0.9944,276,7.04,1164
mpx_m3_e1_traj70_pyalcs.log,70,42,pyalcs,8,0,15720000,5840.0,0.9944,278,7.04,1190
mpx_m3_e1_traj70_pyalcs.log,70,42,pyalcs,8,0,15780000,5846.0,0.9964,273,7.04,1259
mpx_m3_e1_traj70_pyalcs.log,70,42,pyalcs,8,0,15840000,5853.0,0.9964,266,7.04,1242
mpx_m3_e1_traj70_pyalcs.log,70,42,pyalcs,8,0,15900000,5865.0,0.9964,271,7.04,1205
mpx_m3_e1_traj70_pyalcs.log,70,42,pyalcs,8,0,15960000,5881.0,0.9925,263,7.04,1199
mpx_m3_e1_traj70_pyalcs.log,70,42,pyalcs,8,0,16020000,5892.0,0.9925,267,7.04,1195
mpx_m3_e1_traj70_pyalcs.log,70,42,pyalcs,8,0,16080000,5899.0,0.9925,272,7.04,1190
mpx_m3_e1_traj70_pyalcs.log,70,42,pyalcs,8,0,16140000,5908.0,0.9925,275,7.04,1239
mpx_m3_e1_traj70_pyalcs.log,70,42,pyalcs,8,0,16200000,5914.0,0.9925,268,7.04,1242
mpx_m3_e1_traj70_pyalcs.log,70,42,pyalcs,8,0,16260000,5921.0,0.9933,268,7.04,1157
mpx_m3_e1_traj70_pyalcs.log,70,42,pyalcs,8,0,16320000,5927.0,0.9929,264,7.05,1136
mpx_m3_e1_traj70_pyalcs.log,70,42,pyalcs,8,0,16380000,5937.0,0.9933,268,7.04,1158
mpx_m3_e1_traj70_pyalcs.log,70,42,pyalcs,8,0,16440000,5944.0,0.9935,263,7.04,1169
mpx_m3_e1_traj70_pyalcs.log,70,42,pyalcs,8,0,16500000,5950.0,0.9949,267,7.04,1185
mpx_m3_e1_traj70_pyalcs.log,70,42,pyalcs,8,0,16560000,5957.0,0.9935,270,7.04,1191
mpx_m3_e1_traj70_pyalcs.log,70,42,pyalcs,8,0,16620000,5963.0,0.9944,273,7.04,1202
mpx_m3_e1_traj70_pyalcs.log,70,42,pyalcs,8,0,16680000,5969.0,0.9944,273,7.04,1195
mpx_m3_e1_traj70_pyalcs.log,70,42,pyalcs,8,0,16740000,5976.0,0.9973,272,7.04,1157
mpx_m3_e1_traj70_pyalcs.log,70,42,pyalcs,8,0,16800000,5982.0,0.9983,274,7.04,1247
mpx_m3_e1_traj70_pyalcs.log,70,42,pyalcs,8,0,16860000,5989.0,0.9958,271,7.04,1194
mpx_m3_e1_traj70_pyalcs.log,70,42,pyalcs,8,0,16920000,5995.0,0.9958,275,7.04,1170
mpx_m3_e1_traj70_pyalcs.log,70,42,pyalcs,8,0,16980000,6002.0,0.9954,278,7.04,1262
mpx_m3_e1_traj70_pyalcs.log,70,42,pyalcs,8,0,17040000,6009.0,0.9957,271,7.04,1193
mpx_m3_e1_traj70_pyalcs.log,70,42,pyalcs,8,0,17100000,6016.0,0.9957,268,7.04,1178
mpx_m3_e1_traj70_pyalcs.log,70,42,pyalcs,8,0,17160000,6023.0,0.9952,264,7.04,1172
mpx_m3_e1_traj70_pyalcs.log,70,42,pyalcs,8,0,17220000,6029.0,0.9951,271,7.04,1187
mpx_m3_e1_traj70_pyalcs.log,70,42,pyalcs,8,0,17280000,6035.0,0.9961,272,7.05,1153
mpx_m3_e1_traj70_pyalcs.log,70,42,pyalcs,8,0,17340000,6042.0,0.9991,275,7.04,1177
mpx_m3_e1_traj70_pyalcs.log,70,42,pyalcs,8,0,17400000,6048.0,0.9982,270,7.04,1210
mpx_m3_e1_traj70_pyalcs.log,70,42,pyalcs,8,0,17460000,6055.0,0.9982,267,7.04,1217
mpx_m3_e1_traj70_pyalcs.log,70,42,pyalcs,8,0,17520000,6061.0,0.9998,275,7.04,1160
mpx_m3_e1_traj70_pyalcs.log,70,42,pyalcs,8,0,17580000,6071.0,0.9991,275,7.04,1171
mpx_m3_e1_traj70_pyalcs.log,70,42,pyalcs,8,0,17640000,6078.0,0.9982,268,7.04,1177
mpx_m3_e1_traj70_pyalcs.log,70,42,pyalcs,8,0,17700000,6086.0,0.9982,272,7.04,1226
mpx_m3_e1_traj70_pyalcs.log,70,42,pyalcs,8,0,17760000,6093.0,0.9982,268,7.04,1205
mpx_m3_e1_traj70_pyalcs.log,70,42,pyalcs,8,0,17820000,6099.0,0.9982,273,7.04,1213
mpx_m3_e1_traj70_pyalcs.log,70,42,pyalcs,8,0,17880000,6105.0,1.0,277,7.04,1248
slurm_mpx70_s43.cap40k.cancelled.out,70,43,pyalcs,8,0,60000,71.0,0.0,0,0.0,3832
slurm_mpx70_s43.cap40k.cancelled.out,70,43,pyalcs,8,0,120000,123.0,0.0,0,0.0,3571
slurm_mpx70_s43.cap40k.cancelled.out,70,43,pyalcs,8,0,180000,183.0,0.0,0,0.0,3890
slurm_mpx70_s43.cap40k.cancelled.out,70,43,pyalcs,8,0,240000,231.0,0.0,0,0.0,4505
slurm_mpx70_s43.cap40k.cancelled.out,70,43,pyalcs,8,0,300000,277.0,0.0,0,0.0,3947
slurm_mpx70_s43.cap40k.cancelled.out,70,43,pyalcs,8,0,360000,325.0,0.0,0,0.0,4227
slurm_mpx70_s43.cap40k.cancelled.out,70,43,pyalcs,8,0,420000,371.0,0.0019,1,9.0,4018
slurm_mpx70_s43.cap40k.cancelled.out,70,43,pyalcs,8,0,480000,418.0,0.005,5,10.0,4312
slurm_mpx70_s43.cap40k.cancelled.out,70,43,pyalcs,8,0,540000,464.0,0.0114,10,9.9,4617
slurm_mpx70_s43.cap40k.cancelled.out,70,43,pyalcs,8,0,600000,510.0,0.02,16,9.44,4560
slurm_mpx70_s43.cap40k.cancelled.out,70,43,pyalcs,8,0,660000,559.0,0.0231,17,9.76,4046
slurm_mpx70_s43.cap40k.cancelled.out,70,43,pyalcs,8,0,720000,607.0,0.025,17,9.65,4336
slurm_mpx70_s43.cap40k.cancelled.out,70,43,pyalcs,8,0,780000,655.0,0.0273,21,9.95,4313
slurm_mpx70_s43.cap40k.cancelled.out,70,43,pyalcs,8,0,840000,704.0,0.0368,30,9.6,4423
slurm_mpx70_s43.cap40k.cancelled.out,70,43,pyalcs,8,0,900000,750.0,0.0485,32,9.53,4358
slurm_mpx70_s43.cap40k.cancelled.out,70,43,pyalcs,8,0,960000,795.0,0.0468,29,9.55,4608
slurm_mpx70_s43.cap40k.cancelled.out,70,43,pyalcs,8,0,1020000,840.0,0.0544,36,9.14,4884
slurm_mpx70_s43.cap40k.cancelled.out,70,43,pyalcs,8,0,1080000,885.0,0.0645,41,9.07,5482
slurm_mpx70_s43.cap40k.cancelled.out,70,43,pyalcs,8,0,1140000,930.0,0.0704,41,9.12,5414
slurm_mpx70_s43.cap40k.cancelled.out,70,43,pyalcs,8,0,1200000,978.0,0.0759,48,9.25,5726
slurm_mpx70_s43.cap40k.cancelled.out,70,43,pyalcs,8,0,1260000,1024.0,0.1004,70,9.06,5533
slurm_mpx70_s43.cap40k.cancelled.out,70,43,pyalcs,8,0,1320000,1065.0,0.1116,76,9.05,4786
slurm_mpx70_s43.cap40k.cancelled.out,70,43,pyalcs,8,0,1380000,1108.0,0.1173,75,9.04,4331
slurm_mpx70_s43.cap40k.cancelled.out,70,43,pyalcs,8,0,1440000,1148.0,0.1248,82,9.22,4392
slurm_mpx70_s43.cap40k.cancelled.out,70,43,pyalcs,8,0,1500000,1192.0,0.1389,83,9.2,4132
slurm_mpx70_s43.cap40k.cancelled.out,70,43,pyalcs,8,0,1560000,1234.0,0.1365,75,9.2,3786
slurm_mpx70_s43.cap40k.cancelled.out,70,43,pyalcs,8,0,1620000,1280.0,0.1456,75,9.0,3764
slurm_mpx70_s43.cap40k.cancelled.out,70,43,pyalcs,8,0,1680000,1329.0,0.1449,79,9.18,3655
slurm_mpx70_s43.cap40k.cancelled.out,70,43,pyalcs,8,0,1740000,1369.0,0.1586,89,9.2,3581
slurm_mpx70_s43.cap40k.cancelled.out,70,43,pyalcs,8,0,1800000,1408.0,0.1691,91,9.11,3723
slurm_mpx70_s43.cap40k.cancelled.out,70,43,pyalcs,8,0,1860000,1446.0,0.1834,99,9.04,3452
slurm_mpx70_s43.cap40k.cancelled.out,70,43,pyalcs,8,0,1920000,1483.0,0.1857,97,9.0,3346
slurm_mpx70_s43.cap40k.cancelled.out,70,43,pyalcs,8,0,1980000,1527.0,0.1833,85,8.98,3118
slurm_mpx70_s43.cap40k.cancelled.out,70,43,pyalcs,8,0,2040000,1569.0,0.1853,88,8.99,3105
slurm_mpx70_s43.cap40k.cancelled.out,70,43,pyalcs,8,0,2100000,1617.0,0.1864,87,9.02,2749
slurm_mpx70_s43.cap40k.cancelled.out,70,43,pyalcs,8,0,2160000,1678.0,0.1886,86,9.12,3077
slurm_mpx70_s43.cap40k.cancelled.out,70,43,pyalcs,8,0,2220000,1753.0,0.1867,79,9.06,2748
slurm_mpx70_s43.cap40k.cancelled.out,70,43,pyalcs,8,0,2280000,1832.0,0.197,82,8.88,3476
slurm_mpx70_s43.cap40k.cancelled.out,70,43,pyalcs,8,0,2340000,1910.0,0.2075,89,8.93,5404
slurm_mpx70_s43.cap40k.cancelled.out,70,43,pyalcs,8,0,2400000,1974.0,0.2161,92,8.91,2696
slurm_mpx70_s43.cap40k.cancelled.out,70,43,pyalcs,8,0,2460000,2032.0,0.217,92,8.96,2979
slurm_mpx70_s43.cap40k.cancelled.out,70,43,pyalcs,8,0,2520000,2099.0,0.2278,92,8.77,2979
slurm_mpx70_s43.cap40k.cancelled.out,70,43,pyalcs,8,0,2580000,2182.0,0.2324,99,8.79,2640
slurm_mpx70_s43.cap40k.cancelled.out,70,43,pyalcs,8,0,2640000,2265.0,0.2362,96,8.68,2979
slurm_mpx70_s43.cap40k.cancelled.out,70,43,pyalcs,8,0,2700000,2342.0,0.2384,92,8.58,2457
slurm_mpx70_s43.cap40k.cancelled.out,70,43,pyalcs,8,0,2760000,2430.0,0.237,89,8.65,4112
slurm_mpx70_s43.cap40k.cancelled.out,70,43,pyalcs,8,0,2820000,2531.0,0.2353,80,8.46,2544
slurm_mpx70_s43.cap40k.cancelled.out,70,43,pyalcs,8,0,2880000,2608.0,0.2347,77,8.35,2668
slurm_mpx70_s43.cap40k.cancelled.out,70,43,pyalcs,8,0,2940000,2699.0,0.2397,84,8.5,2791
slurm_mpx70_s43.cap40k.cancelled.out,70,43,pyalcs,8,0,3000000,2771.0,0.2412,79,8.39,4036
slurm_mpx70_s43.cap40k.cancelled.out,70,43,pyalcs,8,0,3060000,2853.0,0.2405,79,8.43,2283
slurm_mpx70_s43.cap40k.cancelled.out,70,43,pyalcs,8,0,3120000,2949.0,0.2426,83,8.55,2829
slurm_mpx70_s43.cap40k.cancelled.out,70,43,pyalcs,8,0,3180000,3034.0,0.2451,85,8.62,2371
slurm_mpx70_s43.cap40k.cancelled.out,70,43,pyalcs,8,0,3240000,3137.0,0.2509,89,8.57,2436
slurm_mpx70_s43.cap40k.cancelled.out,70,43,pyalcs,8,0,3300000,3217.0,0.2486,92,8.68,2511
slurm_mpx70_s43.cap40k.cancelled.out,70,43,pyalcs,8,0,3360000,3294.0,0.2484,93,8.33,2087
slurm_mpx70_s43.cap40k.cancelled.out,70,43,pyalcs,8,0,3420000,3376.0,0.2508,87,8.31,2694
slurm_mpx70_s43.cap40k.cancelled.out,70,43,pyalcs,8,0,3480000,3461.0,0.2484,83,8.22,2325
slurm_mpx70_s43.cap40k.cancelled.out,70,43,pyalcs,8,0,3540000,3536.0,0.254,87,8.22,2466
slurm_mpx70_s43.cap40k.cancelled.out,70,43,pyalcs,8,0,3600000,3605.0,0.2532,82,8.04,2021
slurm_mpx70_s43.cap40k.cancelled.out,70,43,pyalcs,8,0,3660000,3703.0,0.2563,84,8.05,2792
slurm_mpx70_s43.cap40k.cancelled.out,70,43,pyalcs,8,0,3720000,3826.0,0.2558,79,7.96,2452
slurm_mpx70_s43.cap40k.cancelled.out,70,43,pyalcs,8,0,3780000,3914.0,0.252,76,7.92,2149
slurm_mpx70_s43.cap40k.cancelled.out,70,43,pyalcs,8,0,3840000,3987.0,0.253,78,7.94,2832
slurm_mpx70_s43.cap40k.cancelled.out,70,43,pyalcs,8,0,3900000,4056.0,0.2621,80,7.86,2208
slurm_mpx70_s43.cap40k.cancelled.out,70,43,pyalcs,8,0,3960000,4143.0,0.2662,84,7.83,5205
slurm_mpx70_s43.cap40k.cancelled.out,70,43,pyalcs,8,0,4020000,4232.0,0.2646,80,7.85,2129
slurm_mpx70_s43.cap40k.cancelled.out,70,43,pyalcs,8,0,4080000,4317.0,0.2674,81,7.98,1968
slurm_mpx70_s43.cap40k.cancelled.out,70,43,pyalcs,8,0,4140000,4419.0,0.2666,80,7.97,2222
slurm_mpx70_s43.cap40k.cancelled.out,70,43,pyalcs,8,0,4200000,4531.0,0.2647,79,7.99,2351
slurm_mpx70_s43.cap40k.cancelled.out,70,43,pyalcs,8,0,4260000,4628.0,0.2733,86,7.98,2480
slurm_mpx70_s43.cap40k.cancelled.out,70,43,pyalcs,8,0,4320000,4700.0,0.2788,88,8.0,3894
slurm_mpx70_s43.cap40k.cancelled.out,70,43,pyalcs,8,0,4380000,4807.0,0.2758,85,8.01,2100
slurm_mpx70_s43.cap40k.cancelled.out,70,43,pyalcs,8,0,4440000,4886.0,0.2782,87,8.03,2210
slurm_mpx70_s43.cap40k.cancelled.out,70,43,pyalcs,8,0,4500000,4977.0,0.2841,89,8.04,1983
slurm_mpx70_s43.cap40k.cancelled.out,70,43,pyalcs,8,0,4560000,5061.0,0.2879,90,8.02,2053
slurm_mpx70_s43.cap40k.cancelled.out,70,43,pyalcs,8,0,4620000,5149.0,0.2908,91,8.03,2140
slurm_mpx70_s43.cap40k.cancelled.out,70,43,pyalcs,8,0,4680000,5247.0,0.2938,91,7.89,2401
slurm_mpx70_s43.cap40k.cancelled.out,70,43,pyalcs,8,0,4740000,5325.0,0.2885,89,7.92,1940
slurm_mpx70_s44.cap40k.cancelled.out,70,44,pyalcs,8,0,60000,94.0,0.0,0,0.0,3462
slurm_mpx70_s44.cap40k.cancelled.out,70,44,pyalcs,8,0,120000,145.0,0.0,0,0.0,3633
slurm_mpx70_s44.cap40k.cancelled.out,70,44,pyalcs,8,0,180000,189.0,0.0,0,0.0,4258
slurm_mpx70_s44.cap40k.cancelled.out,70,44,pyalcs,8,0,240000,241.0,0.0002,1,12.0,4355
slurm_mpx70_s44.cap40k.cancelled.out,70,44,pyalcs,8,0,300000,286.0,0.003,3,10.33,4727
slurm_mpx70_s44.cap40k.cancelled.out,70,44,pyalcs,8,0,360000,331.0,0.0031,4,11.0,4554
slurm_mpx70_s44.cap40k.cancelled.out,70,44,pyalcs,8,0,420000,375.0,0.0037,6,11.17,4316
slurm_mpx70_s44.cap40k.cancelled.out,70,44,pyalcs,8,0,480000,420.0,0.0042,7,11.14,4238
slurm_mpx70_s44.cap40k.cancelled.out,70,44,pyalcs,8,0,540000,463.0,0.0093,12,10.92,4425
slurm_mpx70_s44.cap40k.cancelled.out,70,44,pyalcs,8,0,600000,506.0,0.0148,18,10.44,5283
slurm_mpx70_s44.cap40k.cancelled.out,70,44,pyalcs,8,0,660000,551.0,0.0196,20,10.55,5332
slurm_mpx70_s44.cap40k.cancelled.out,70,44,pyalcs,8,0,720000,594.0,0.0246,28,10.57,5235
slurm_mpx70_s44.cap40k.cancelled.out,70,44,pyalcs,8,0,780000,637.0,0.0348,39,10.38,5292
slurm_mpx70_s44.cap40k.cancelled.out,70,44,pyalcs,8,0,840000,683.0,0.0382,37,10.24,6147
slurm_mpx70_s44.cap40k.cancelled.out,70,44,pyalcs,8,0,900000,730.0,0.0483,45,10.2,6168
slurm_mpx70_s44.cap40k.cancelled.out,70,44,pyalcs,8,0,960000,772.0,0.0546,49,10.27,5316
slurm_mpx70_s44.cap40k.cancelled.out,70,44,pyalcs,8,0,1020000,812.0,0.0683,58,9.98,5064
slurm_mpx70_s44.cap40k.cancelled.out,70,44,pyalcs,8,0,1080000,852.0,0.0755,61,10.08,5135
slurm_mpx70_s44.cap40k.cancelled.out,70,44,pyalcs,8,0,1140000,894.0,0.0944,80,10.03,5839
slurm_mpx70_s44.cap40k.cancelled.out,70,44,pyalcs,8,0,1200000,935.0,0.1061,90,10.02,5200
slurm_mpx70_s44.cap40k.cancelled.out,70,44,pyalcs,8,0,1260000,973.0,0.1115,89,10.06,5115
slurm_mpx70_s44.cap40k.cancelled.out,70,44,pyalcs,8,0,1320000,1009.0,0.1235,88,9.81,4985
slurm_mpx70_s44.cap40k.cancelled.out,70,44,pyalcs,8,0,1380000,1045.0,0.1312,92,9.93,4736
slurm_mpx70_s44.cap40k.cancelled.out,70,44,pyalcs,8,0,1440000,1083.0,0.1393,88,9.85,4083
slurm_mpx70_s44.cap40k.cancelled.out,70,44,pyalcs,8,0,1500000,1122.0,0.1419,90,9.81,3968
slurm_mpx70_s44.cap40k.cancelled.out,70,44,pyalcs,8,0,1560000,1161.0,0.1507,91,9.73,3643
slurm_mpx70_s44.cap40k.cancelled.out,70,44,pyalcs,8,0,1620000,1204.0,0.1558,91,9.73,3454
slurm_mpx70_s44.cap40k.cancelled.out,70,44,pyalcs,8,0,1680000,1249.0,0.1631,99,9.66,3355
slurm_mpx70_s44.cap40k.cancelled.out,70,44,pyalcs,8,0,1740000,1300.0,0.1608,92,9.83,3141
slurm_mpx70_s44.cap40k.cancelled.out,70,44,pyalcs,8,0,1800000,1345.0,0.1705,94,9.7,3528
slurm_mpx70_s44.cap40k.cancelled.out,70,44,pyalcs,8,0,1860000,1383.0,0.171,90,9.66,3566
slurm_mpx70_s44.cap40k.cancelled.out,70,44,pyalcs,8,0,1920000,1424.0,0.1701,89,9.85,3530
slurm_mpx70_s44.cap40k.cancelled.out,70,44,pyalcs,8,0,1980000,1471.0,0.1691,92,9.99,3251
slurm_mpx70_s44.cap40k.cancelled.out,70,44,pyalcs,8,0,2040000,1520.0,0.1781,97,9.84,3473
slurm_mpx70_s44.cap40k.cancelled.out,70,44,pyalcs,8,0,2100000,1575.0,0.1913,102,9.73,2896
slurm_mpx70_s44.cap40k.cancelled.out,70,44,pyalcs,8,0,2160000,1626.0,0.1938,100,9.82,3197
slurm_mpx70_s44.cap40k.cancelled.out,70,44,pyalcs,8,0,2220000,1679.0,0.2018,108,9.81,2818
slurm_mpx70_s44.cap40k.cancelled.out,70,44,pyalcs,8,0,2280000,1740.0,0.1915,98,9.87,3687
slurm_mpx70_s44.cap40k.cancelled.out,70,44,pyalcs,8,0,2340000,1794.0,0.1933,96,9.76,2836
slurm_mpx70_s44.cap40k.cancelled.out,70,44,pyalcs,8,0,2400000,1854.0,0.1913,87,9.77,2754
slurm_mpx70_s44.cap40k.cancelled.out,70,44,pyalcs,8,0,2460000,1936.0,0.1967,86,9.71,2766
slurm_mpx70_s44.cap40k.cancelled.out,70,44,pyalcs,8,0,2520000,1997.0,0.2044,93,9.54,3209
slurm_mpx70_s44.cap40k.cancelled.out,70,44,pyalcs,8,0,2580000,2057.0,0.2155,102,9.47,3030
slurm_mpx70_s44.cap40k.cancelled.out,70,44,pyalcs,8,0,2640000,2132.0,0.2172,97,9.44,3116
slurm_mpx70_s44.cap40k.cancelled.out,70,44,pyalcs,8,0,2700000,2222.0,0.2153,92,9.45,2537
slurm_mpx70_s44.cap40k.cancelled.out,70,44,pyalcs,8,0,2760000,2286.0,0.2167,91,9.19,2456
slurm_mpx70_s44.cap40k.cancelled.out,70,44,pyalcs,8,0,2820000,2341.0,0.2205,92,9.16,2424
slurm_mpx70_s44.cap40k.cancelled.out,70,44,pyalcs,8,0,2880000,2417.0,0.228,93,9.2,2879
slurm_mpx70_s44.cap40k.cancelled.out,70,44,pyalcs,8,0,2940000,2467.0,0.2321,98,9.18,2638
slurm_mpx70_s44.cap40k.cancelled.out,70,44,pyalcs,8,0,3000000,2531.0,0.2385,102,9.14,2540
slurm_mpx70_s44.cap40k.cancelled.out,70,44,pyalcs,8,0,3060000,2589.0,0.238,95,9.08,8008
slurm_mpx70_s44.cap40k.cancelled.out,70,44,pyalcs,8,0,3120000,2656.0,0.239,97,9.11,2718
slurm_mpx70_s44.cap40k.cancelled.out,70,44,pyalcs,8,0,3180000,2717.0,0.2452,97,8.97,2805
slurm_mpx70_s44.cap40k.cancelled.out,70,44,pyalcs,8,0,3240000,2792.0,0.2438,97,9.08,2282
slurm_mpx70_s44.cap40k.cancelled.out,70,44,pyalcs,8,0,3300000,2882.0,0.2487,100,8.98,6532
slurm_mpx70_s44.cap40k.cancelled.out,70,44,pyalcs,8,0,3360000,2949.0,0.2469,97,9.05,2230
slurm_mpx70_s44.cap40k.cancelled.out,70,44,pyalcs,8,0,3420000,3019.0,0.2494,96,8.98,2158
slurm_mpx70_s44.cap40k.cancelled.out,70,44,pyalcs,8,0,3480000,3087.0,0.2519,100,8.99,2915
slurm_mpx70_s44.cap40k.cancelled.out,70,44,pyalcs,8,0,3540000,3157.0,0.2526,99,9.02,2823
slurm_mpx70_s44.cap40k.cancelled.out,70,44,pyalcs,8,0,3600000,3238.0,0.2545,97,8.95,2148
slurm_mpx70_s44.cap40k.cancelled.out,70,44,pyalcs,8,0,3660000,3319.0,0.2558,95,8.84,2219
slurm_mpx70_s44.cap40k.cancelled.out,70,44,pyalcs,8,0,3720000,3386.0,0.2641,104,8.76,2620
slurm_mpx70_s44.cap40k.cancelled.out,70,44,pyalcs,8,0,3780000,3458.0,0.2626,105,8.75,2469
slurm_mpx70_s44.cap40k.cancelled.out,70,44,pyalcs,8,0,3840000,3534.0,0.2698,99,8.6,2275
slurm_mpx70_s44.cap40k.cancelled.out,70,44,pyalcs,8,0,3900000,3621.0,0.2702,99,8.63,2114
slurm_mpx70_s44.cap40k.cancelled.out,70,44,pyalcs,8,0,3960000,3718.0,0.2633,91,8.58,2566
slurm_mpx70_s44.cap40k.cancelled.out,70,44,pyalcs,8,0,4020000,3786.0,0.264,89,8.51,2112
slurm_mpx70_s44.cap40k.cancelled.out,70,44,pyalcs,8,0,4080000,3864.0,0.2716,95,8.42,2349
slurm_mpx70_s44.cap40k.cancelled.out,70,44,pyalcs,8,0,4140000,3933.0,0.273,94,8.35,2482
slurm_mpx70_s44.cap40k.cancelled.out,70,44,pyalcs,8,0,4200000,4014.0,0.2721,91,8.33,2599
slurm_mpx70_s44.cap40k.cancelled.out,70,44,pyalcs,8,0,4260000,4085.0,0.2729,92,8.35,2279
slurm_mpx70_s44.cap40k.cancelled.out,70,44,pyalcs,8,0,4320000,4156.0,0.2776,96,8.3,2156
slurm_mpx70_s44.cap40k.cancelled.out,70,44,pyalcs,8,0,4380000,4233.0,0.2809,95,8.32,2375
slurm_mpx70_s44.cap40k.cancelled.out,70,44,pyalcs,8,0,4440000,4309.0,0.285,97,8.36,2279
slurm_mpx70_s44.cap40k.cancelled.out,70,44,pyalcs,8,0,4500000,4387.0,0.2818,93,8.32,2241
slurm_mpx70_s44.cap40k.cancelled.out,70,44,pyalcs,8,0,4560000,4473.0,0.2915,97,8.16,2295
slurm_mpx70_s44.cap40k.cancelled.out,70,44,pyalcs,8,0,4620000,4534.0,0.2955,99,8.18,2802
slurm_mpx70_s44.cap40k.cancelled.out,70,44,pyalcs,8,0,4680000,4610.0,0.2954,100,8.24,2089
slurm_mpx70_s44.cap40k.cancelled.out,70,44,pyalcs,8,0,4740000,4686.0,0.2951,99,8.25,3212
slurm_mpx70_s44.cap40k.cancelled.out,70,44,pyalcs,8,0,4800000,4766.0,0.2908,95,8.27,3046
slurm_mpx70_s44.cap40k.cancelled.out,70,44,pyalcs,8,0,4860000,4831.0,0.2889,93,8.11,2123
slurm_mpx70_s44.cap40k.cancelled.out,70,44,pyalcs,8,0,4920000,4910.0,0.2902,93,8.02,2651
slurm_mpx70_s44.cap40k.cancelled.out,70,44,pyalcs,8,0,4980000,4984.0,0.2902,93,8.04,1985
slurm_mpx70_s44.cap40k.cancelled.out,70,44,pyalcs,8,0,5040000,5052.0,0.2942,93,7.99,2318
slurm_mpx70_s44.cap40k.cancelled.out,70,44,pyalcs,8,0,5100000,5122.0,0.2989,105,7.95,3845
slurm_mpx70_s44.cap40k.cancelled.out,70,44,pyalcs,8,0,5160000,5201.0,0.295,89,7.81,2060
slurm_mpx70_s44.cap40k.cancelled.out,70,44,pyalcs,8,0,5220000,5263.0,0.2939,89,7.82,3088
slurm_mpx70_s44.cap40k.cancelled.out,70,44,pyalcs,8,0,5280000,5346.0,0.2932,90,7.87,2385
